n_pos,n_neg,rho_pos,rho_neg,T,burn_in,n_runs,seed,strategy_pos,strategy_neg,strategy_kwargs_pos,strategy_kwargs_neg,threshold,wl_n_iter,n_positive_wins,positive_win_probability,mean_mean_magnetization,std_mean_magnetization,mean_var_magnetization,std_var_magnetization,mean_mean_positive_fraction,std_mean_positive_fraction,mean_mean_negative_fraction,std_mean_negative_fraction,mean_time_to_first_sign_change,std_time_to_first_sign_change,mean_time_to_first_crossing_above_threshold,std_time_to_first_crossing_above_threshold,mean_fraction_time_above_threshold,std_fraction_time_above_threshold,mean_fraction_time_below_threshold,std_fraction_time_below_threshold,mean_stabilization_time,std_stabilization_time,mean_delta_psi_centrality,std_delta_psi_centrality,mean_delta_psi_degree,std_delta_psi_degree,mean_delta_psi_degree_norm,std_delta_psi_degree_norm,mean_delta_psi_dispersion,std_delta_psi_dispersion,mean_delta_psi_hybrid,std_delta_psi_hybrid,mean_delta_psi_rho,std_delta_psi_rho,mean_delta_psi_size,std_delta_psi_size,mean_delta_psi_wl,std_delta_psi_wl,mean_neg_psi_centrality,std_neg_psi_centrality,mean_neg_psi_degree,std_neg_psi_degree,mean_neg_psi_degree_norm,std_neg_psi_degree_norm,mean_neg_psi_dispersion,std_neg_psi_dispersion,mean_neg_psi_hybrid,std_neg_psi_hybrid,mean_neg_psi_rho,std_neg_psi_rho,mean_neg_psi_size,std_neg_psi_size,mean_neg_psi_wl,std_neg_psi_wl,mean_pos_psi_centrality,std_pos_psi_centrality,mean_pos_psi_degree,std_pos_psi_degree,mean_pos_psi_degree_norm,std_pos_psi_degree_norm,mean_pos_psi_dispersion,std_pos_psi_dispersion,mean_pos_psi_hybrid,std_pos_psi_hybrid,mean_pos_psi_rho,std_pos_psi_rho,mean_pos_psi_size,std_pos_psi_size,mean_pos_psi_wl,std_pos_psi_wl,mean_diff_degree_sum,std_diff_degree_sum,mean_diff_pagerank_sum,std_diff_pagerank_sum,mean_diff_dispersion_score,std_diff_dispersion_score,mean_distance_advantage_pos,std_distance_advantage_pos,mean_wl_overlap_fraction_union,std_wl_overlap_fraction_union,mean_diff_wl_coverage_fraction,std_diff_wl_coverage_fraction,graph_n_nodes,graph_n_edges,graph_density,graph_average_degree,graph_degree_variance,graph_degree_skewness,graph_degree_moment_1,graph_degree_moment_2,graph_clustering_coefficient,graph_average_shortest_path_length,graph_largest_component_size,graph_largest_component_fraction,graph_is_connected,graph_degree_assortativity,graph_laplacian_lambda2
10,10,0.0125,0.0125,30000,6000,8,191664963,random,random,{},{},0.0,3,4,0.5,-0.04770169270833332,0.20410124662054432,0.021331412142936216,0.007820306238018286,0.47614915364583404,0.10205062331027014,0.523850846354166,0.10205062331027008,551.125,740.9425344017675,62.625,114.66465079900232,0.4688072916666667,0.3607715957697281,0.5311927083333333,0.3607715957697281,nan,nan,0.003213368966023077,0.0030796689356546976,17.875,17.007876326656927,0.0037379757423672104,0.003556644986753853,0.0016307218977814827,0.015131283075832263,0.001552899794495747,0.0029183819437503555,0.0,0.0,0.0,0.0,0.0,0.0,0.010843144671147761,0.001909097004608693,50.5,10.253919111386491,0.01056043496445002,0.002144274176366895,0.5017512962443238,0.02102323984082581,0.08520884667420608,0.0027620975914191036,0.0125,0.0,10.0,0.0,0.0125,0.0,0.01405651363717084,0.0032791719987112153,68.375,18.585228389388018,0.014298410706817232,0.0038864969446649974,0.5033820181421054,0.014620217323846907,0.08676174646870183,0.0020445754843814233,0.0125,0.0,10.0,0.0,0.0125,0.0,17.875,17.007876326656927,0.003213368966023077,0.0030796689356546976,0.004919858340098879,0.062895067900111,0.13445512820512812,0.08252620538348797,0.0,0.0,0.0,0.0,800.0,2391.0,0.007481226533166458,5.9775,50.22699375,6.465061540521813,5.9775,85.9575,0.03911000624084402,3.387631414267835,800.0,1.0,1.0,-0.08318263229810469,1.2369048627213575
10,20,0.0125,0.025,30000,6000,8,1662057957,random,random,{},{},0.0,3,0,0.0,-0.23122558593750017,0.08441258962307446,0.0114869124732517,0.012137483761357176,0.38438720703125234,0.04220629481153642,0.6156127929687476,0.04220629481153643,3107.5,4269.457752455222,1219.6666666666667,1941.1064542334268,0.058869791666666664,0.08777921561055535,0.9411302083333333,0.08777921561055532,nan,nan,-0.015827408766482632,0.007718828714878192,-78.0,43.34248987508019,-0.01631116687578419,0.009063674168774611,-0.0005159154261128521,0.0246293682905048,-0.012036295720441395,0.002824947240169537,-0.0125,0.0,-10.0,0.0,-0.0125,0.0,0.02643522198103544,0.006468915100926995,127.5,36.602107667650586,0.026662484316185696,0.0076541421304162655,0.5019531147864007,0.012126807929665797,0.09712483672862511,0.002268357470720508,0.025,0.0,20.0,0.0,0.025,0.0,0.010607813214552807,0.0019707673896936983,49.5,10.703804397102395,0.010351317440401506,0.002238353073421664,0.5014371993602879,0.016723113426331856,0.08508854100818372,0.0023172036419786754,0.0125,0.0,10.0,0.0,0.0125,0.0,-78.0,43.34248987508019,-0.015827408766482632,0.007718828714878192,-0.0011436512808124105,0.10003316449694377,-0.3629870129870131,0.19817250505160178,0.0,0.0,-0.0125,0.0,800.0,2391.0,0.007481226533166458,5.9775,50.22699375,6.465061540521813,5.9775,85.9575,0.03911000624084402,3.387631414267835,800.0,1.0,1.0,-0.08318263229810469,1.2369048627213206
10,30,0.0125,0.0375,30000,6000,8,1405681631,random,random,{},{},0.0,3,0,0.0,-0.33757147135416604,0.19782429329201354,0.012031875740702181,0.007601185086894003,0.33121426432291956,0.09891214664600609,0.6687857356770804,0.09891214664600609,1879.5,2133.535641449032,923.0,1804.720292270615,0.014473958333333333,0.031078297638020346,0.9855260416666667,0.03107829763802036,nan,nan,-0.02618873353415718,0.009636460064898811,-126.625,53.577547269621924,-0.026479506482643245,0.011204004029615626,0.008642444416323669,0.015724510305499758,-0.020471460606476588,0.004796576738967015,-0.024999999999999998,0.0,-20.0,0.0,-0.024999999999999998,0.0,0.038926552672215044,0.00832583826388096,187.625,46.42332387927431,0.03923567544960268,0.009707930547736159,0.5008311117815569,0.008312869824166435,0.10760715317459447,0.003004270473508477,0.0375,0.0,30.0,0.0,0.0375,0.0,0.012737819138057868,0.005856911752628402,61.0,32.984845004941285,0.012756168966959431,0.006897709118557357,0.5094735561978807,0.016000283033300193,0.0871356925681179,0.0027406362975665585,0.0125,0.0,10.0,0.0,0.0125,0.0,-126.625,53.577547269621924,-0.02618873353415718,0.009636460064898811,0.03672928726315221,0.065530097434035,-0.4452302631578948,0.17311643569195784,0.0,0.0,-0.024999999999999998,0.0,800.0,2391.0,0.007481226533166458,5.9775,50.22699375,6.465061540521813,5.9775,85.9575,0.03911000624084402,3.387631414267835,800.0,1.0,1.0,-0.08318263229810469,1.2369048627213426
10,40,0.0125,0.05,30000,6000,8,942484272,random,random,{},{},0.0,3,0,0.0,-0.37547174479166606,0.18875092728208528,0.01944839049917249,0.01725321062713263,0.31226412760416977,0.09437546364104121,0.6877358723958302,0.09437546364104119,3053.8,2315.649412152021,2375.8,2499.778430181363,0.06903125,0.1648511424939106,0.93096875,0.16485114249391059,nan,nan,-0.03839223350639818,0.010469290745208512,-184.75,57.598983125944656,-0.0386344625679632,0.012044956739009759,0.007244963962682295,0.02145087210250016,-0.03118531730438477,0.005308711705374834,-0.037500000000000006,0.0,-30.0,0.0,-0.037500000000000006,0.0,0.05043746547117123,0.00885335967162039,241.875,48.692731930516516,0.05058030112923463,0.010182503540467696,0.495499340271541,0.0048026938647583025,0.11702800643596327,0.003681342928495042,0.05,0.0,40.0,0.0,0.05,0.0,0.012045231964773048,0.0029334068492534947,57.125,16.260710755859176,0.011945838561271436,0.0034003995725343317,0.5027443042342232,0.018769266376806322,0.0858426891315785,0.0027326271872775724,0.0125,0.0,10.0,0.0,0.0125,0.0,-184.75,57.598983125944656,-0.03839223350639818,0.010469290745208512,0.031174871597357517,0.08515964210328253,-0.5245000000000001,0.14274041262664683,0.0,0.0,-0.037500000000000006,0.0,800.0,2391.0,0.007481226533166458,5.9775,50.22699375,6.465061540521813,5.9775,85.9575,0.03911000624084402,3.387631414267835,800.0,1.0,1.0,-0.08318263229810469,1.2369048627213353
10,50,0.0125,0.0625,30000,6000,8,929893137,random,random,{},{},0.0,3,0,0.0,-0.4538705859374992,0.14098791951095602,0.015734504733673514,0.022192798014545417,0.2730647070312536,0.07049395975547765,0.7269352929687465,0.07049395975547766,4306.5,5294.108470743681,2870.3333333333335,4493.5142520452,0.001979166666666667,0.005597928684393502,0.9980208333333334,0.005597928684393513,nan,nan,-0.04542059884485787,0.006611432096326489,-214.75,36.50342449688796,-0.04490798828941865,0.007633505750081128,0.005237637921527642,0.01910257512409154,-0.03993215021306738,0.0036668567284337625,-0.05,0.0,-40.0,0.0,-0.05,0.0,0.05807410535452212,0.005639880150171814,274.75,31.097772083726973,0.05745503973232957,0.006503089101574022,0.4980610468221881,0.004509685378697952,0.12606842092964357,0.00228532806414157,0.0625,0.0,50.0,0.0,0.0625,0.0,0.01265350650966425,0.0017334705077087632,60.0,9.621404708847278,0.012547051442910916,0.0020120043305828688,0.5032986847437158,0.019316383436211483,0.08613627071657617,0.0026118321655519273,0.0125,0.0,10.0,0.0,0.0125,0.0,-214.75,36.50342449688796,-0.04542059884485787,0.006611432096326489,0.023534995814677218,0.07781493525184285,-0.5797297297297298,0.10697768060173515,0.0,0.0,-0.05,0.0,800.0,2391.0,0.007481226533166458,5.9775,50.22699375,6.465061540521813,5.9775,85.9575,0.03911000624084402,3.387631414267835,800.0,1.0,1.0,-0.08318263229810469,1.2369048627213497
20,10,0.025,0.0125,30000,6000,8,1843824992,random,random,{},{},0.0,3,7,0.875,0.15780585937500008,0.11898004538553278,0.010800815100613075,0.007547672666075652,0.5789029296874985,0.059490022692764995,0.42109707031250154,0.059490022692764974,315.625,469.11738936006196,37.375,41.94873572077505,0.8730156250000001,0.27012408316605097,0.12698437499999998,0.27012408316605097,nan,nan,0.012319244733152124,0.003685680694354616,58.75,20.700241544484452,0.012285654537850271,0.004328783258988802,-0.006047727767957041,0.019749406007784867,0.009642819923054035,0.0023386851103178443,0.0125,0.0,10.0,0.0,0.0125,0.0,0.010267328586762298,0.0013838085468764055,47.375,7.501190381723233,0.00990694270179841,0.0015686303600424996,0.506083922631229,0.012686157813355954,0.0856300183403138,0.0016895616331218477,0.0125,0.0,10.0,0.0,0.0125,0.0,0.022586573319914423,0.002735114338005479,106.125,15.394224334377581,0.022192597239648684,0.0032192020774524425,0.500036194863272,0.009212191171614183,0.09527283826336783,0.0013844268067737943,0.025,0.0,20.0,0.0,0.025,0.0,58.75,20.700241544484452,0.012319244733152124,0.003685680694354616,-0.02505243654760897,0.07972692944542897,0.3063311688311688,0.09355141546172066,0.0,0.0,0.0125,0.0,800.0,2391.0,0.007481226533166458,5.9775,50.22699375,6.465061540521813,5.9775,85.9575,0.03911000624084402,3.387631414267835,800.0,1.0,1.0,-0.08318263229810469,1.2369048627213413
20,20,0.025,0.025,30000,6000,8,184566854,random,random,{},{},0.0,3,3,0.375,-0.038342200520833356,0.19671743328150187,0.010128461524830473,0.005200387066213405,0.4808288997395838,0.09835871664074873,0.5191711002604161,0.0983587166407487,4553.625,6919.360270543182,2500.125,7011.325581565464,0.37767708333333333,0.3722470782649418,0.6223229166666666,0.37224707826494186,nan,nan,0.002834673916930494,0.008743419749976512,15.375,49.17588694820722,0.003215181932245923,0.010283539721498789,0.001278116948657891,0.017590219115618543,0.001317031218584756,0.002735511915438978,0.0,0.0,0.0,0.0,0.0,0.0,0.023054890687030816,0.004051909090146392,108.625,21.731724670234,0.02271539104976997,0.004544484456343372,0.49790315873226165,0.008887788826247623,0.09513586067725874,0.0017910949132393724,0.025,0.0,20.0,0.0,0.025,0.0,0.02588956460396131,0.005822126495014871,124.0,33.31237436320452,0.025930572982015895,0.006966201247010564,0.4991812756809196,0.01353364052740091,0.0964528918958435,0.0018464306093759265,0.025,0.0,20.0,0.0,0.025,0.0,15.375,49.17588694820722,0.002834673916930494,0.008743419749976512,0.005826148034327683,0.0704945951216617,0.0439144736842105,0.17469224663626,0.0,0.0,0.0,0.0,800.0,2391.0,0.007481226533166458,5.9775,50.22699375,6.465061540521813,5.9775,85.9575,0.03911000624084402,3.387631414267835,800.0,1.0,1.0,-0.08318263229810469,1.2369048627213521
20,30,0.025,0.0375,30000,6000,8,1497586438,random,random,{},{},0.0,3,3,0.375,-0.09641095052083329,0.2219723303301772,0.024115019055288345,0.013087618366555394,0.45179452473958415,0.11098616516508641,0.5482054752604159,0.11098616516508641,2772.8571428571427,4312.804556533618,2761.285714285714,4318.473214547233,0.3606145833333333,0.32965602695256585,0.6393854166666666,0.32965602695256585,nan,nan,-0.0142072834297702,0.010087817457195157,-69.375,55.53875738102691,-0.014507528230865745,0.011614127432251549,-0.003377900216244019,0.019408414026676184,-0.011834319913239619,0.003065905808940302,-0.012499999999999997,0.0,-10.0,0.0,-0.012499999999999997,0.0,0.03782798424109686,0.008257242793064414,180.875,45.545699185386475,0.0378241321622752,0.009524403844706498,0.5035804127659909,0.01196849517270802,0.10752550817169494,0.003002288939177418,0.0375,0.0,30.0,0.0,0.0375,0.0,0.023620700811326664,0.003371250655278793,111.5,18.593393604027366,0.02331660393140945,0.0038882044341337027,0.5002025125497468,0.011263830738227228,0.09569118825845532,0.0009361083159136654,0.025,0.0,20.0,0.0,0.025,0.0,-69.375,55.53875738102691,-0.0142072834297702,0.010087817457195157,-0.013732744332254299,0.07855093271719983,-0.16866666666666674,0.12261489590752297,0.0,0.0,-0.012499999999999997,0.0,800.0,2391.0,0.007481226533166458,5.9775,50.22699375,6.465061540521813,5.9775,85.9575,0.03911000624084402,3.387631414267835,800.0,1.0,1.0,-0.08318263229810469,1.2369048627213282
20,40,0.025,0.05,30000,6000,8,432652533,random,random,{},{},0.0,3,0,0.0,-0.21312177083333347,0.10826698158908822,0.014588613321316205,0.011746359514252238,0.39343911458333525,0.05413349079454286,0.6065608854166646,0.054133490794542834,455.14285714285717,424.15540727875856,447.14285714285717,423.23257143538643,0.06941666666666665,0.07249778663835411,0.9305833333333333,0.07249778663835411,nan,nan,-0.023343089009286673,0.005939642964338379,-110.125,33.17674529804617,-0.023029067335842743,0.006937838832715637,-0.005176060351568694,0.016474382930419088,-0.021336582620280264,0.0032188508336999395,-0.025,0.0,-20.0,0.0,-0.025,0.0,0.048846709145297804,0.006322408511453953,232.875,35.134181565616615,0.04869824341279799,0.007347173058472733,0.5003802555130353,0.009688978345735337,0.1171014235214346,0.0025582275637363737,0.05,0.0,40.0,0.0,0.05,0.0,0.025503620136011124,0.007280943854481173,122.75,40.66149459694199,0.02566917607695525,0.008503031074224591,0.49520419516146663,0.012570907801481603,0.09576484090115434,0.002402248158610571,0.025,0.0,20.0,0.0,0.025,0.0,-110.125,33.17674529804617,-0.023343089009286673,0.005939642964338379,-0.020090251491021283,0.06563597907409999,-0.24121621621621628,0.08391756662406229,0.0,0.0,-0.025,0.0,800.0,2391.0,0.007481226533166458,5.9775,50.22699375,6.465061540521813,5.9775,85.9575,0.03911000624084402,3.387631414267835,800.0,1.0,1.0,-0.08318263229810469,1.236904862721383
20,50,0.025,0.0625,30000,6000,8,202244314,random,random,{},{},0.0,3,0,0.0,-0.3616947135416667,0.09180020177313106,0.013325226937372488,0.00832785110039087,0.31915264322917003,0.04590010088656502,0.68084735677083,0.04590010088656506,1781.0,2144.5813111187927,1780.3333333333333,2143.4281731220512,0.003796875,0.01073918423927069,0.996203125,0.010739184239270706,nan,nan,-0.04036329197436899,0.004582116651558744,-194.625,24.76712971431519,-0.04069949811794228,0.0051792408436460045,0.0042298738026105495,0.011663166344103089,-0.032360343270888214,0.0018043460585600295,-0.0375,0.0,-30.0,0.0,-0.0375,0.0,0.06345193631857406,0.007017952062528097,303.75,39.50316443020736,0.06351944792973652,0.00826080393772634,0.5000069950580066,0.0037517148227915404,0.12848285603410875,0.002857013550970145,0.0625,0.0,50.0,0.0,0.0625,0.0,0.023088644344205073,0.004926211202780305,109.125,27.61695907538389,0.022819949811794228,0.005775190103593452,0.5042368688606171,0.010124357606596612,0.09612251276322055,0.0015534428236049097,0.025,0.0,20.0,0.0,0.025,0.0,-194.625,24.76712971431519,-0.04036329197436899,0.004582116651558744,0.017701185272730638,0.04723747975895114,-0.3580479452054795,0.06772143530306148,0.0,0.0,-0.0375,0.0,800.0,2391.0,0.007481226533166458,5.9775,50.22699375,6.465061540521813,5.9775,85.9575,0.03911000624084402,3.387631414267835,800.0,1.0,1.0,-0.08318263229810469,1.2369048627213342
30,10,0.0375,0.0125,30000,6000,8,1130604997,random,random,{},{},0.0,3,7,0.875,0.35124472656249944,0.19587992829733303,0.022791740831351524,0.011106099775188408,0.6756223632812464,0.09793996414866453,0.32437763671875364,0.09793996414866454,1702.5,2665.8542988800314,27.375,53.99454337510147,0.9083541666666667,0.19818873780730023,0.09164583333333333,0.19818873780730023,nan,nan,0.027651031548184452,0.008527533588824365,134.5,47.446210145203985,0.028126306984525302,0.009921833991050602,-0.009814694271835733,0.010608758002054915,0.020872003303808492,0.003834223050194497,0.024999999999999998,0.0,20.0,0.0,0.024999999999999998,0.0,0.011684508382889931,0.0021315424400383683,54.75,11.609724987514316,0.01144918444165621,0.0024277969442731734,0.510757994256932,0.014271918007416553,0.08687091369311947,0.0019737945865006172,0.0125,0.0,10.0,0.0,0.0125,0.0,0.03933553993107439,0.008222060283821973,189.25,45.796911935818805,0.03957549142618151,0.009576936833086325,0.5009432999850962,0.006492383283343892,0.10774291699692796,0.0029645827446831623,0.0375,0.0,30.0,0.0,0.0375,0.0,134.5,47.446210145203985,0.027651031548184452,0.008527533588824365,-0.04139467017186671,0.04417605545961517,0.5034539473684211,0.10867346316721052,0.0,0.0,0.024999999999999998,0.0,800.0,2391.0,0.007481226533166458,5.9775,50.22699375,6.465061540521813,5.9775,85.9575,0.03911000624084402,3.387631414267835,800.0,1.0,1.0,-0.08318263229810469,1.23690486272136
30,20,0.0375,0.025,30000,6000,8,2095133045,random,random,{},{},0.0,3,6,0.75,0.09505380208333336,0.21724537385313233,0.013151398728363725,0.005684598475311668,0.5475269010416657,0.10862268692656368,0.4524730989583343,0.10862268692656372,3670.1428571428573,4342.4280622930855,1010.625,1445.540130144142,0.6337864583333332,0.37158464517590867,0.3662135416666667,0.37158464517590867,nan,nan,0.010446662000800338,0.012926275183449899,48.375,71.60793551395982,0.010116060225846928,0.014974474176905025,0.009231365341712844,0.013180334046137865,0.011175325880303354,0.004394294959565057,0.012499999999999997,0.0,10.0,0.0,0.012499999999999997,0.0,0.028142360272953512,0.007525721270877129,136.625,41.6136567555824,0.028570681723128398,0.008702144867332163,0.49607862334015285,0.009055301416038912,0.09691153210411786,0.0022276460014129876,0.025,0.0,20.0,0.0,0.025,0.0,0.038589022273753854,0.01035747262924912,185.0,57.51521537819362,0.038686741948975326,0.01202743943500494,0.5053099886818657,0.009029121057818208,0.10808685798442122,0.0034163915246358516,0.0375,0.0,30.0,0.0,0.0375,0.0,48.375,71.60793551395982,0.010446662000800338,0.012926275183449899,0.03705072991332195,0.05334295627045147,0.09666666666666662,0.16177585905019504,0.0,0.0,0.012499999999999997,0.0,800.0,2391.0,0.007481226533166458,5.9775,50.22699375,6.465061540521813,5.9775,85.9575,0.03911000624084402,3.387631414267835,800.0,1.0,1.0,-0.08318263229810469,1.236904862721367
30,30,0.0375,0.0375,30000,6000,8,1580016183,random,random,{},{},0.0,3,5,0.625,-0.009694492187500011,0.19850787519879287,0.01073168271483156,0.005743657153177373,0.49515275390625013,0.09925393759939419,0.5048472460937499,0.09925393759939416,3536.0,8103.103021153598,154.625,192.47926604479468,0.5403958333333334,0.45355137001016244,0.4596041666666667,0.45355137001016244,nan,nan,-0.005052975180785159,0.012170337221509871,-28.25,66.43095233828451,-0.005907570054370556,0.013891876273166985,0.0020955149243746113,0.007339598660447,-0.001753322280373502,0.004477275497272456,0.0,0.0,0.0,0.0,0.0,0.0,0.03868449339442165,0.00861317033586464,186.0,47.025828769183555,0.03889585947302384,0.009833924878541104,0.49820722366354186,0.003950476081441234,0.1070946343650896,0.003305310861957065,0.0375,0.0,30.0,0.0,0.0375,0.0,0.03363151821363648,0.0040407378949089325,157.75,22.263037913610468,0.03298828941865328,0.004655591366292444,0.5003027385879165,0.0045987520282888255,0.10534131208471612,0.0014315080907910708,0.0375,0.0,30.0,0.0,0.0375,0.0,-28.25,66.43095233828451,-0.005052975180785159,0.012170337221509871,0.008397689235686082,0.02943895167665339,-0.06182432432432425,0.11865702558795924,0.0,0.0,0.0,0.0,800.0,2391.0,0.007481226533166458,5.9775,50.22699375,6.465061540521813,5.9775,85.9575,0.03911000624084402,3.387631414267835,800.0,1.0,1.0,-0.08318263229810469,1.2369048627213555
30,40,0.0375,0.05,30000,6000,8,1634535062,random,random,{},{},0.0,3,1,0.125,-0.16065173177083342,0.14314291183723182,0.00719794352485217,0.0034587252119173935,0.41967413411458465,0.0715714559186144,0.5803258658854153,0.0715714559186144,5130.285714285715,5748.7798622631135,4898.0,5903.285554107419,0.16729166666666667,0.21351802598524305,0.8327083333333334,0.21351802598524303,nan,nan,-0.016989711539566275,0.005387018005967364,-85.25,30.367981258461775,-0.017827268925135926,0.00635047705112124,0.010135859600457785,0.011926360148148603,-0.010969165183728903,0.0017855338508009713,-0.012500000000000004,0.0,-10.0,0.0,-0.012500000000000004,0.0,0.05125413761293657,0.004202605303671533,246.25,23.013970912097225,0.05149519029694689,0.004812624615662321,0.4962906300190216,0.007630980648098751,0.11746691110678464,0.0016447779626267433,0.05,0.0,40.0,0.0,0.05,0.0,0.0342644260733703,0.00293206313440814,161.0,17.221249332479584,0.03366792137181096,0.003601265021430278,0.5064264896194793,0.009779132302283274,0.10649774592305573,0.0008778465605073932,0.0375,0.0,30.0,0.0,0.0375,0.0,-85.25,30.367981258461775,-0.016989711539566275,0.005387018005967364,0.041048844585626285,0.04754107067072049,-0.13493150684931507,0.03050829787852057,0.0,0.0,-0.012500000000000004,0.0,800.0,2391.0,0.007481226533166458,5.9775,50.22699375,6.465061540521813,5.9775,85.9575,0.03911000624084402,3.387631414267835,800.0,1.0,1.0,-0.08318263229810469,1.2369048627213897
30,50,0.0375,0.0625,30000,6000,8,1540770719,random,random,{},{},0.0,3,0,0.0,-0.16951692708333344,0.11345838439468961,0.01215703291280655,0.012429752899303379,0.4152415364583347,0.05672919219734358,0.5847584635416652,0.056729192197343535,2287.0,3774.089135142412,1985.5,3894.8009833623078,0.18801562500000002,0.2429584327991197,0.811984375,0.24295843279911972,nan,nan,-0.020221629693668253,0.007334095304412754,-92.5,40.96688558196381,-0.019343370974487663,0.008566893680879088,-0.0027214203290327685,0.008428416689499754,-0.019678392890425604,0.003097974073068613,-0.025,0.0,-20.0,0.0,-0.025,0.0,0.06102642886666875,0.005165451849742994,290.75,29.29041774076586,0.060800920117105806,0.006125139636295662,0.49972342738728237,0.0054562917651880686,0.1274888361490794,0.0015745311759849435,0.0625,0.0,50.0,0.0,0.0625,0.0,0.0408047991730005,0.00803435679547566,198.25,45.21614755814564,0.04145754914261815,0.009455488824371736,0.4970020070582497,0.010246020977582706,0.1078104432586538,0.0027724651738240307,0.0375,0.0,30.0,0.0,0.0375,0.0,-92.5,40.96688558196381,-0.020221629693668253,0.007334095304412754,-0.010296041331306197,0.0335873289550218,-0.14340277777777774,0.0878528097539165,0.0,0.0,-0.025,0.0,800.0,2391.0,0.007481226533166458,5.9775,50.22699375,6.465061540521813,5.9775,85.9575,0.03911000624084402,3.387631414267835,800.0,1.0,1.0,-0.08318263229810469,1.236904862721363
40,10,0.05,0.0125,30000,6000,8,1688060240,random,random,{},{},0.0,3,7,0.875,0.40028766927083287,0.16751587536906223,0.016237853760132998,0.013270236838762982,0.700143834635413,0.08375793768452944,0.299856165364587,0.08375793768452942,1512.3333333333333,1875.273402289206,1.0,0.0,0.92296875,0.21787727695310496,0.07703125,0.21787727695310494,nan,nan,0.03900390964785182,0.012172866152069518,187.625,68.71460127637668,0.03923567544960267,0.01436942728489684,-0.014218649822757237,0.02274040071049725,0.030349688933947343,0.0027792733888173005,0.037500000000000006,0.0,30.0,0.0,0.037500000000000006,0.0,0.012039885227540804,0.002977662185882518,57.375,17.24559985288173,0.011998117942283563,0.0036063571419660666,0.5092263990578745,0.013401929818276728,0.08683330113848042,0.001280602886843254,0.0125,0.0,10.0,0.0,0.0125,0.0,0.051043794875392616,0.009843782527291532,245.0,55.39726656485086,0.05123379339188624,0.011584539223097209,0.4950077492351172,0.014225489577269221,0.11718299007242775,0.0022743645125769068,0.05,0.0,40.0,0.0,0.05,0.0,187.625,68.71460127637668,0.03900390964785182,0.012172866152069518,-0.05735104097096064,0.08955042946386181,0.5641666666666667,0.18274164259004547,0.0,0.0,0.037500000000000006,0.0,800.0,2391.0,0.007481226533166458,5.9775,50.22699375,6.465061540521813,5.9775,85.9575,0.03911000624084402,3.387631414267835,800.0,1.0,1.0,-0.08318263229810469,1.2369048627212962
40,20,0.05,0.025,30000,6000,8,1102145672,random,random,{},{},0.0,3,8,1.0,0.22440483072916678,0.10480313706093407,0.009335983767796499,0.004524972956547445,0.6122024153645814,0.05240156853046585,0.3877975846354186,0.052401568530465806,4475.666666666667,5767.319076775043,1.0,0.0,0.9723958333333333,0.07410228612886254,0.027604166666666666,0.07410228612886251,nan,nan,0.02351143965439431,0.006172138339883401,110.625,33.970312669405075,0.023133626097867004,0.007103787676579897,0.004866622030754046,0.015071689674376281,0.02132676243886656,0.002342011316641883,0.025,0.0,20.0,0.0,0.025,0.0,0.025615036678647257,0.004945861992136431,123.75,27.773317102160174,0.025878293601003764,0.0058078873070180215,0.49391786354045386,0.008637048994226211,0.09564508229141938,0.0024094995596147047,0.025,0.0,20.0,0.0,0.025,0.0,0.04912647633304157,0.005507516243843372,234.375,30.840314524984986,0.04901191969887077,0.006449250214342323,0.4987844855712078,0.007702762190508536,0.11697184473028595,0.0015948020347483223,0.05,0.0,40.0,0.0,0.05,0.0,110.625,33.970312669405075,0.02351143965439431,0.006172138339883401,0.019099308363815126,0.059126284916145314,0.2413851351351351,0.06817081098164093,0.0,0.0,0.025,0.0,800.0,2391.0,0.007481226533166458,5.9775,50.22699375,6.465061540521813,5.9775,85.9575,0.03911000624084402,3.387631414267835,800.0,1.0,1.0,-0.08318263229810469,1.2369048627213037
40,30,0.05,0.0375,30000,6000,8,275121930,random,random,{},{},0.0,3,7,0.875,0.17247088541666658,0.1627857160126496,0.02260124845576714,0.024846895268019958,0.5862354427083316,0.08139285800632334,0.4137645572916684,0.08139285800632334,829.8571428571429,1477.351056065261,44.0,94.76436943432755,0.8455104166666667,0.2142474888607447,0.15448958333333332,0.21424748886074468,nan,nan,0.017253962400883765,0.00822242706614812,86.125,46.71016255285659,0.018010246758678378,0.009767913540957043,0.00038285729394511164,0.013789564890871221,0.012611014959629203,0.002734734515697492,0.012500000000000004,0.0,10.0,0.0,0.012500000000000004,0.0,0.0344713333517184,0.003529040059246415,162.125,19.223776201063398,0.03390317858636554,0.004020028482029149,0.5007018240978373,0.00592298076171826,0.10572138611990353,0.0019333930517366322,0.0375,0.0,30.0,0.0,0.0375,0.0,0.05172529575260215,0.010216845980553748,248.25,57.59402250730043,0.05191342534504391,0.012043919386721124,0.5010846813917824,0.009415113678047426,0.11833240107953272,0.0036062721859389233,0.05,0.0,40.0,0.0,0.05,0.0,86.125,46.71016255285659,0.017253962400883765,0.00822242706614812,0.0019183532519748692,0.05547467855893678,0.1253424657534246,0.05286728163875287,0.0,0.0,0.012500000000000004,0.0,800.0,2391.0,0.007481226533166458,5.9775,50.22699375,6.465061540521813,5.9775,85.9575,0.03911000624084402,3.387631414267835,800.0,1.0,1.0,-0.08318263229810469,1.2369048627213306
40,40,0.05,0.05,30000,6000,8,1803345590,random,random,{},{},0.0,3,1,0.125,-0.04959576822916669,0.08019209801580453,0.012157446685781535,0.007731166336430015,0.47520211588541716,0.040096049007901424,0.5247978841145828,0.04009604900790141,564.375,631.5174327420763,306.375,470.0793056191993,0.3448541666666667,0.21758398533578516,0.6551458333333333,0.21758398533578516,nan,nan,-0.0013924339053392647,0.007626073225762697,-7.125,43.06618660354581,-0.001489962358845672,0.009005894312744836,0.002071220821577957,0.00604290600823267,-0.00021080370235928778,0.0027048025822452096,0.0,0.0,0.0,0.0,0.0,0.0,0.04805848839229647,0.00661571545314521,227.5,36.51614124505178,0.04757423672103722,0.007636165044971096,0.503539262691834,0.006718661701010865,0.11718187225613813,0.0019408892053127558,0.05,0.0,40.0,0.0,0.05,0.0,0.04666605448695721,0.00756138995954146,220.375,42.53716862093332,0.04608427436219155,0.008895267382043772,0.505610483513412,0.004712236901822044,0.11697106855377884,0.003053614690363707,0.05,0.0,40.0,0.0,0.05,0.0,-7.125,43.06618660354581,-0.0013924339053392647,0.007626073225762697,0.008278607783820294,0.024177244096274732,0.0078125,0.060798884480362296,0.0,0.0,0.0,0.0,800.0,2391.0,0.007481226533166458,5.9775,50.22699375,6.465061540521813,5.9775,85.9575,0.03911000624084402,3.387631414267835,800.0,1.0,1.0,-0.08318263229810469,1.2369048627213752
40,50,0.05,0.0625,30000,6000,8,967196436,random,random,{},{},0.0,3,3,0.375,-0.06344739583333339,0.1669991060569546,0.007457877236957477,0.0032268733204818753,0.46827630208333393,0.08349955302847546,0.5317236979166661,0.0834995530284755,3232.714285714286,7664.927999537585,3127.5714285714284,7706.750414563907,0.4068333333333333,0.3798589173930446,0.5931666666666666,0.3798589173930446,nan,nan,-0.012549742442896361,0.0136710406977853,-60.375,76.58223870920911,-0.01262547051442911,0.01601468814496217,0.002431430854384402,0.0088105666346645,-0.010304200051892526,0.005730887194590568,-0.012499999999999997,0.0,-10.0,0.0,-0.012499999999999997,0.0,0.06360901276131885,0.01026243930424509,305.0,57.65661899804492,0.06378084483479715,0.012057009409879738,0.49962333578212276,0.0047391154384516625,0.12851679605949742,0.003633949966571618,0.0625,0.0,50.0,0.0,0.0625,0.0,0.05105927031842249,0.005775475003519165,244.625,32.74550132679079,0.05115537432036804,0.00684765816118586,0.5020547666365072,0.00960602551661937,0.11821259600760489,0.002497276010663183,0.05,0.0,40.0,0.0,0.05,0.0,-60.375,76.58223870920911,-0.012549742442896361,0.0136710406977853,0.010251185209348118,0.035314141928931626,-0.079225352112676,0.1089571128926915,0.0,0.0,-0.012499999999999997,0.0,800.0,2391.0,0.007481226533166458,5.9775,50.22699375,6.465061540521813,5.9775,85.9575,0.03911000624084402,3.387631414267835,800.0,1.0,1.0,-0.08318263229810469,1.2369048627213843
